code,ocr_text,char_count,ocr_status
37600198776,,0,no_image
11110826497,,0,ok
23923320017,PEAR CARRO APRICOT Pe,21,ok
33776100308,,0,ok
27064571031,,0,no_image
16291442375,,0,no_image
35971802025,,0,no_image
39047001404,"NUTRITION Typical values/Valeus moyennes/ypische Werte/Valores medios/Valoritipic}Gem, waarden Energy kifEnergie/BrennwertValorenergéticofEnergia/Energie Energy kcal : FatlipidesiFett Grasas/GrassiVetten of which saturates/dont acids gras satuésidavon gesétigtde las cuales saturadasidei quali saturWwaarvan verzadigd cathy dratlGestoheydtel ahs arbidatitoohydaten of which sugars/dontsutes/davon Zucker los cuales azicaresdei quali zuccheri Waarvan suikers Fibrefibres/BallaststofeFibrafibreVezels Protein/ProtéinesEiweiProteinas/Proteine/Eiwitten SaltiSelSale/SalSale/Zout Per 100g 211k 529 kcal 30.09 18.7 58.2 g 16.59 2.09 5.6g 0.68 g",638,ok
11150046251,,0,no_image
13000656320,,0,no_image
30684020537,,0,no_image
21140181275,,0,no_image
11150040211,,0,no_image
20728709030,,0,no_image
72220008586,,0,no_image
11150982641,,0,no_image
8005125193,,0,no_image
33400721756,NZO} SINCE 1915 Whole Wheat Pasta & lent Grains 100% Whole Grain Whole Wheat Pasta & QUINOA | NET WT 12 02 (3409,112,ok
33776100889,,0,no_image
41415342439,,0,no_image
36632018779,,0,no_image
36800051140,,0,ok
24182011586,,0,no_image
41000022975,PER 2/3 CUP SERVING DRY MIX AR eo,33,ok
35742221116,,0,no_image
36800093072,,0,no_image
11535501337,,0,no_image
41000344060,,0,no_image
41190049325,,0,no_image
23882197637,,0,no_image
22852417102,,0,no_image
35826094582,FOOD LION Sugar-free SYfUPp 24 arr Pra Oe,41,ok
25317656009,(BELL) ‘ZO v “LM LIN G3aLVesd9Oldddy djdI 433u4d NIFSVD 3 NALNTSD ..G3SIVY ATANVIWNH ® .daSN SDILOIGILNVY ON “apmod aain{ Aaja2 paanyjnd pue yes eas Ul Bul4INII0 | Ajyeanzeu aso} 40} }d9dx9 pappe Sazes}U.4O S9z4}IU ON | INAV'IVS VONGAD OINVDUO GAUNONN ‘sotueb. LvDa1dd¥,269,ok
39215,,0,no_image
41244006434,Nutrition Facts Serving Size 8 fl oz (240mL) Servings Per Container 8 Gnvourt Per Serving Calories 140 Calories from Fat 0 Re % Total Fat 0g Saturated Fat 0g Trans Fat 0g Cholesterol 0 mg Sodium 0 mg Potassium 120 mg Total Carbohydrate 35 g isisislk 2 3/S)/¢ Fiber 0g Sugars 31g VitaminA 0% Calcium 0% Riboflavin 8% « * Percent Daily Values are based mn calorie diet INGREDIENTS: 100% PURE FROM U.S. GROWN FRESH ORGANIC.,420,ok
39047018136,= ESTABLISHED 1898 -— Pure Butter SHORTBREAD Scottie Dogs Net Wt 110¢ € 3.902 @D,80,ok
41420477294,,0,no_image
12511305000,,0,ok
24182021660,,0,no_image
11150511193,,0,no_image
41190046867,,0,no_image
11150950077,,0,no_image
11150980593,,0,no_image
25317532006,,0,ok
25317005913,APPLEGATE naturals,18,ok
41497096275,,0,no_image
11213523644,,0,no_image
22014110407,,0,no_image
13609020546,,0,no_image
20662005434,,0,no_image
41000273643,,0,no_image
24000367024,Mandarin Ojanges __ INNATURALLY SWEETENED WATER DelMonte Quality,64,ok
20662003942,*LET’S GIVE IT ALL AWAY” BALSAMIC VINAIGRETTE #4 DRESSING. NET 12 HL.OZ. 366ml ) Organic,88,ok
13764027312,,0,no_image
21908476230,,0,no_image
13130006989,"a Nutrition Facts Amount Per Serving Calories 160 Fat Cal. 0 Total Fat 0% Sat. Fat 0 Trans Fat Og Polyunsat. Fat 0 Monounsat. Fat Cholest. Omg Sodium Omg Total Carb. 36g Fiber 0g *Percent Daily Values (DV) are on a 2,000 calorie diet. Your dai values may be hig! depending on your caio! Calories: _ 2,000 Total Fat Less than 65g Sat Fat Less than 20g g Cholest Less than 300mg 300mg Sodium Less than 2,4 2,400mg Total Carb 3 IC Fiber",433,ok
29737103396,,0,no_image
15400196901,,0,no_image
39217044224,,0,no_image
16000409972,SUPER MOIST PARTY RAINBOW CHIE | CAKE MIX DGS NETWT 18.2502 09),63,ok
36800422230,,0,no_image
30223042051,,0,no_image
11213033792,,0,no_image
41270025072,,0,no_image
609900114,,0,no_image
16073123454,,0,ok
12000012785,,0,ok
20526012288,,0,no_image
11150074025,,0,no_image
36800389663,,0,no_image
41190012695,,0,no_image
36731135513,,0,ok
23545211229,,0,no_image
23923320116,,0,ok
39047001077,,0,no_image
11150998420,,0,no_image
36800420397,,0,ok
41318300512,,0,no_image
41000214042,,0,ok
41000022593,Rice Medley Rice & Pasta Blend in a Savory Sauce with Carrots & Peas | Y No Artificial Flavors y No Colors From Artificial Sources Y No Added MSG Except those naturally occurring glutamates Serving Suggestion,208,ok
21000057122,,0,no_image
39978009906,,0,no_image
30223006343,,0,no_image
28190007814,"NO ARTIFICIAL Preservatives + Flavors + Colors « Dyes U "" O4%FAT FREE",69,ok
24335160062,,0,no_image
21000005208,,0,no_image
21908743295,YT CASCADIAN FARM ORGANIC 25 MILLION SQ.FT. A J: Z HANGE “IE Cts Nature A nservancy We TURN OVER TO LEARN MORE CINNAMON RAISIN sn AT LEAST 48g 7g OF TOTAL FAT RECOMMENDED DAILY PER SERVING serving suggestion enlarged to show detail,231,ok
12511801335,,0,no_image
13413796293,,0,no_image
41000321764,,0,no_image
22506002005,,0,ok
24182029505,,0,no_image
41420108136,,0,no_image
34538837654,,0,no_image
120623,"ANGAED iy At an BOY Hol iy MY Sf Whloh anturater HON acidan chan find Hd6 Vil zuten| YAN vorene Cerbohvdraty Me2aNt6.04 Of WhHIOH aug 0 MG) Oy Ue 999)) 4.09 ono In Bnorgy wago) NFORAQE For Gat tat of pADK, tee Icy lage, ‘800 fro",228,ok
127135,,0,no_image
41190042579,,0,no_image
36800422117,MT ig ) Py 20.5 02118791 ee ha re 0884912004710,47,ok
28190001416,,0,ok
12000012754,|,1,ok
41220997251,,0,no_image
11150479516,,0,no_image
23923200043,,0,no_image
36800107922,9 WHOLE MILK Vitamin D EURIZED [ED * GRADE A,44,ok
36800405455,,0,ok
36800049734,,0,no_image
12511446529,= 3 : anmmaais stra connTS i erwrz#07(t5t8)-6803 ©,50,ok
19646005348,,0,no_image
26396908256,,0,ok
32601025526,,0,no_image
23254111155,,0,no_image
11213515083,,0,no_image
17873705178,,0,no_image
11535504765,,0,no_image
41303046210,,0,no_image
39059551034,,0,no_image
25293001060,,0,no_image
21908632087,Taspberry haehad,16,ok
24182021509,ORGANIC ULNOA WHOLE GRAIN r A,29,ok
41000142130,,0,no_image
21908504018,,0,no_image
30871004500,,0,ok
31493060653,,0,ok
30684016974,,0,no_image
37272089013,,0,no_image
15400191067,,0,no_image
27328910019,,0,no_image
15400190015,,0,no_image
33776017712,,0,no_image
41268169429,,0,no_image
35826024732,,0,no_image
19646005065,,0,no_image
13562002603,chewy | oe. 4 Granola Bars,26,ok
39978038524,,0,no_image
26395780167,,0,no_image
41000008641,"iced tea lemon ""SIAL FLAVOR",27,ok
14821195555,,0,ok
25317323000,,0,ok
20662005830,,0,no_image
460938714,,0,ok
21908455594,,0,ok
36800046252,,0,ok
41303008256,,0,no_image
39217023021,Sis ORGANIC MUTT,16,ok
36200223024,,0,ok
25484000292,,0,no_image
41000072390,,0,no_image
23933653242,,0,no_image
36800336070,,0,no_image
41415086081,,0,no_image
20500017094,,0,no_image
24335304206,,0,no_image
11535505809,,0,no_image
23923202092,,0,ok
22506003873,= ORGANIC — Mayonnaise atti,27,ok
22506677890,,0,ok
21908455525,,0,ok
11150734769,,0,no_image
30568115298,,0,ok
36800012059,,0,no_image
41190460373,,0,no_image
18894123262,,0,no_image
31142526752,,0,ok
36800418226,,0,no_image
31142001334,,0,no_image
22655829263,,0,no_image
12000012730,,0,ok
37600132831,,0,ok
31506330278,,0,no_image
13562000869,,0,no_image
11194365349,,0,no_image
41497094639,,0,no_image
35844145754,,0,no_image
12511211356,,0,no_image
21130048892,,0,no_image
19646005461,,0,no_image
32601089337,,0,no_image
13562491612,,0,no_image
41220908851,,0,no_image
23923206038,,0,ok
11150001076,,0,no_image
27568060871,,0,no_image
41420411229,,0,no_image
41196138634,CERTIFIED ORGANT® __ a We're 81g Phinbodies!,44,ok
39047001312,ikers Pure Buster ES Net Wis6G815302 OD,39,ok
34000722099,,0,no_image
41415377431,,0,no_image
11150180535,,0,no_image
31493082006,,0,no_image
20735112427,,0,no_image
13562300129,,0,no_image
22506165052,"Ls GANIC = @ a ted Sesame Oi : ~2 e e =, POFLLENPaesta | UNREFINED MEDIUM HEAT",78,ok
19063012769,,0,no_image
25293003637,,0,no_image
32601901868,,0,no_image
15400196314,,0,no_image
41000119767,,0,ok
36800087040,,0,no_image
36800177413,,0,no_image
31493060578,,0,no_image
12993112035,,0,no_image
41220021819,,0,no_image
30684700880,,0,no_image
41318210576,,0,no_image
36800056091,,0,no_image
11150021050,,0,no_image
11213031705,,0,no_image
41318171471,,0,no_image
36800114302,,0,no_image
19063232334,,0,no_image
35826076410,"rea Ee —— Dark Color, Robust Taste i y | Nutriti on = Amount/serving Yo DV* Amount/serving . ADV"" ? |Facts Total Fat0g 0% Total Carb. 539 18%, Serv. size 1/4 Cup (60mL) Sat. Fat 0g 0% Fiber 0g 0°, Servings about 4 eee Calories 200 Cholest.0mg 0% Sugars 53g Fat Cal. 0 Sodium 5mg 0% Protein Og “Percent Daily Values (DV) are = 2 Hased on 22,000 calorie diet. Vitamin A 0% * Vitamin C 0% « Calcium 9% « Iron 8% INGREDIENTS: 100% GRADE A DARK COLOR ROBUST TASTE MAPLE SYRUP. DISTRIBUTED BY: FOOD LION, LLC, SALISBURY, NC 28147 For product questions or concerns, contact us at 1-800-210-9569. Please include UPC number and code from package. www.foodlion.com",654,ok
36800389700,,0,ok
11150272513,,0,no_image
20735112021,"b nadivally simple "" ; aiissimple A Belgian style Chocolat",58,ok
41449450193,,0,no_image
21718412169,,0,ok
41190008940,,0,no_image
21985220238,,0,no_image
35826058836,,0,no_image
19521550079,,0,ok
39047017689,"fngredients: Wheat flour (wheat flour, calcium carbonate, iron, niacin, thiamin), butter (milk) (26%), sugar, chocolate chips (10%) (sugar, cocoa mass, cocoa butter, emulsifier: soya lecithin; > natural vanilla flavouring), salt, For allergens, see : ingredients in bold, May also contain nuts, SABLES PUR BEURRE AUX PEPITES DE CHOCOLAT Rl Ingrédients : Farine d= bl (farine de blé, carbonate de calcium, fer, niacine, thiamine), beurrs (lait) (26%), sucie, pépites de chocolat (10%) (sucre, pate de cacao, beurre de cacao, émulsifiant: \écithine de soia; ardme naturel de vanille), sel. Les allergenes sont indiqués ¢0 gras, Présence éventuelle de fruits 4 coque. PRODUIT D'ECOSSE: Conserver dans ua Cndroit frais et see Blsen, Wi (aus el cin,",744,ok
23547400218,Nutrition Facts Serving size 2 tsp (106) | — 2 % Daily Value* | Calories,72,ok
20700411005,,0,no_image
30223004233,,0,no_image
12993112028,,0,no_image
41318290431,,0,no_image
41190576098,,0,no_image
41253001857,,0,ok
25317006958,NATURALS,8,ok
11110503329,,0,no_image
41190459544,,0,no_image
24335162264,,0,no_image
34856881230,,0,no_image
39045192029,,0,no_image
20662000217,,0,no_image
11110849397,,0,ok
11150511186,,0,no_image
12005000589,,0,ok
41220021826,,0,no_image
36800079427,About 12 servings pe oe Serving size 2 Tbsp id Amount per serving S I | Calories 140) er =| oo Daily Va | Total Fat 15g Saturated Fat 2.59 A | Sodium 180mg To % | I ‘al Carbohydrate <19 0 1 |. Dietary Fiber 0g ci : T “tal Sugars Og 0% INcludes 0g Added Sugals Protein Og,270,ok
34500140089,,0,ok
41497099672,,0,no_image
20601409354,,0,no_image
41188048132,,0,no_image
20487007200,,0,no_image
290906,Organic Creamy Tomato Soup,26,ok
32251055461,,0,no_image
36800151246,ANIMAL COOKIES Crispy: arqanic anim soaks,41,ok
17600083067,,0,no_image
13087218220,,0,no_image
41318021356,,0,no_image
33900000276,,0,no_image
11150094467,,0,no_image
36800378445,,0,no_image
23254665184,,0,no_image
19646003856,,0,no_image
20526012608,,0,no_image
41000531729,,0,no_image
33776100803,,0,ok
21908501406,,0,no_image
21130043972,,0,no_image
39047018167,"wy aS a WALKERS ; SPEYS SIDE ES MS F, at MINIFESTIVE, 3% : es SHORTBREAD STARS ¢ y ’ Delicious all-butter shortbread baked in a fun festive ge",142,ok
30223008903,,0,no_image
21130048816,UATRY EaRMS | SINCE i904 FAMILY SIZE Mild Chedd: NET WT 32 02 (2,64,ok
11150500517,,0,no_image
37983001007,,0,no_image
13609020447,,0,no_image
11150982375,,0,no_image
41000022517,"Directions See LS pa sic eae SAL) * ict oes! leer stg, 560 i ins _08 ROSEMARY Ct ag 8 | BH NTH HERBED DOME srs isp. de sama ais “Reaper beans al + eups ep eed hen Top. lemon ie ing omg 15 A pREPARE KON? ‘Shaver | dete Simei eres eceasnaly PRL MCT & TiRincicies ‘ees caveres",273,ok
11213022505,,0,no_image
41250642893,,0,no_image
15400190022,,0,no_image
16291442559,,0,no_image
23923330030,' BUTTERNUT SQUASH PEAR,23,ok
36800422667,{22353 7 ee Gluten Free NET WT 80Z (2279),41,ok
15400871495,,0,no_image
11110415646,"% reduced fat ‘Ar nik > QTC Grade A QUALITY GUARANTEED, vitamins A & D | COMMENTS OR QUESTIONS? contains 35% less 1-500-632-6900 08 fat than regular milk #55 vanwanoceRtde 5 irate? 8 servings per container VITAMIN 03, 8 fl oz (240mL) Baa STC DISTRIBUTED BY THE KROGER CO, per CINCINKAT, OHIO 45202 Calories 120 PASTEURIZED HOMOGENIZED, FAT REDUCED FROM 89 70 5g PER SERVING. OUR FARMERS PLEDGE HOT TO TREAT THEIR COWS WITH rbST, THERE IS NO SIGHIFICANT DIFFERENCE BETWEEN MILK FROM tDST-TREATED AND NON-rbST-TREATED COWS. 87-0967 tii 9 KEEP REFRIGERATED",553,ok
24000507918,,0,no_image
41220973569,,0,ok
36800403161,,0,no_image
23204357466,,0,no_image
11110711007,,0,no_image
36800283558,,0,no_image
39153414853,,0,no_image
15532101156,,0,no_image
20601408425,,0,no_image
23923330641,,0,no_image
36800379428,,0,no_image
11150895828,,0,no_image
11150949989,,0,no_image
12000029110,BANTIOKIDANT Vitamin?,21,ok
41390061400,ORGANIC SOYMILK CREAMY VANILLA WITH ORGANIC VANILLA ) Fortified Calcium & Vitamin* Lactose Free ORGANIC,103,ok
11110790040,,0,no_image
11686,"Smyrne wine ce COC P = c= mathe ites - J | 165 FAS gee on mae A. consommer de prorerer™ e deyant de l ernballage. Conse ver + de ans Un haat Une fois ouvert, conserver dans un recipient Ner GX a wenermnenere met sultanarozijnen calc umearbonaat, iizer ir niacine, thi iamine) -",277,ok
28189121415,"NACHO SLICED JALAPENOS ,",24,ok
23923206731,,0,no_image
19646001067,,0,no_image
37600105064,,0,ok
11213385389,,0,no_image
41000270512,,0,no_image
41116001109,,0,no_image
24182021677,,0,no_image
21908439686,,0,no_image
11535504895,,0,no_image
37323119072,,0,no_image
41268194186,,0,no_image
39217023069,,0,ok
26395763016,,0,no_image
11150511223,,0,no_image
36800056114,,0,no_image
16291442450,,0,no_image
37600516792,,0,no_image
30034056063,,0,no_image
21130076741,,0,no_image
36800097148,,0,no_image
35826064431,,0,no_image
11150544917,,0,no_image
21724602295,,0,no_image
41220846566,,0,no_image
41318190540,,0,no_image
36800403475,,0,no_image
20526012967,,0,no_image
24126016691,,0,no_image
20662005779,,0,no_image
21600103687,,0,no_image
12000017117,,0,no_image
36800426771,,0,no_image
23923900011,"He i StH i rset i: PATSPAARBAR TAD AB MR Rt Id99! Se fyeseeeeryyssers sebeet assert \eaeery ryrrsess sete + rs aaerre posers rr73 34 + etitieeee! BELSSSR EE esse 333. beers -oet 4 ESL Leen patie) ae s: 34445555. abt Go. + Gerede & Bake. ereees THysecF Pees’ SoG Ree Gbe 4 3 Saelesgaapee +Frrss rigasees a4 Pe se +6 a 4 ahetehahnsde. tt eset mes ST TESS HTS be senisigassszatas epresessr tyes hriysserrss Brerabee j eaeseeet4 33 ed teiay esriseses cece [eeerieeereveserriseserevssceryeseers LSSECLSESEUISESETUSSSETICSESENTESESETUTSESE TS | ri i ieeveresssianss Leeeeeenannuabonee. Srrvrsereeeeees samesssliittieyttet seer eres n Sppyeters STETPT IST eeeaGNEE SE SOSOeUSSSSESENE TES Le - == 8 eeenleeeee Peeroeet ernest tie eerestee esses np he READS TES E ET bk Rin deby USS GUStt LIS edeL. - SHeSSHRAGERAADLEREC EC setitiestirritteritreryers ple k Silent Lb hb ee eh oaae SbSSOREEEARDDS Enee tote Lb nbn epee EE TENE EET OT ERTS - ee eeeecadeausese (FFF SStS Obese eseet siete. veRRT OUT T TESLA SSS OS TESSRASSSeSHELSTAOROTARREE ET Ree eect eraustens SEER TEPESLETNS TERESRERREDO ES Gehsaebbdesedecennee. - TaReAheeesEatetasasssaaTsener sa i ek kh hod pp ie TeOTVUT TPT ttSsee. SheabebesTeGnsTcaesteadesansey SERSGOESS HHS eaceouses = eeerer seer eae ve TEN TUT ET SES TEE. eee STWCEPERTETEE ESSE Se eee seer e tends tcseaeeeeul oes = be hd. SESaADESSEE RRO eteyrrstryyrtrrrpsrrry vi PRKAURESAE LEE ESSE beeaenes heb e Rhee pee hee eeeees eee ior pterretts seetseeseesenes: ewe ee ret SHHNERESAUAE ETERS TSAETLELES spchtehbchtenhbdebedbdeee ‘s GUGASLEARAOS SE Se eee eee PTSTCTT SOOO peseesee ei PEC TERESECTSESE SEC SEES Et PTAC OS PRESSE CSSSESE CESSES CESSES SSC: paeess pskerrrssers ee batt edeetey tg-9 ‘eter = eeewERE eee = +8 H Se Meseeee seen. rriyess a ers rereerret Seakbeeeseuacen. Seataprrtaakies thddessstenecas. rete bated EMMORESEEMDS SSSR A SSe Re wOe ROE EE: ereseetersittiitintttereesetatiil Sryserresy Oebeedebeanabdsccbasensocnnan Prestsssssisiitetistinieseeetiii Ips TTY ES ba eeeesass bao wenn rebit. SERSOONOHRI EEE E STL Lp dbbe = yteteaatle Seeeabusean, $ REESE ore rws b Soeeusone Eeesedenes. $34 55055 ae Trees ee ae ttt? ees ssesesstse + sihiases Preseertateris SoOt 4-438 ha sgsyezes--*--- sends if $5 + ee tas errr Sees scene aes Steesansesns i Bett + ce are tae ghey sgaen + ieee SSsyoeeeess saeesseny Babaieoetin reetete Eigeer ee eeeeeaes easier rrevreaatsnasscscttessssaseseses - serene ty aaa etoae! etees rte peeasewes : SSIS ede trite gerseeiehititherity tpreppesessassi titty] ~reseeest [set daetcesccoss: PeSSbSoListit etre peepsoets represses Fecaetetesassacs Tiittreproeeeeeteses, rt eaes ’ Teens i eg Feeepeeet + pete is Maple reeniges iseiaess tise ives EET TST Tae t peewee i SESE: SSneat eeaet eT seers bpece apenas + peterteat eee eer sett: try epost z ssagemesees——-~—"" 8S SES 222th toe baas abbey thecal leery ete AERPPRALL eda s onan = «oR 28. ageee owe. awe THER TeES si <a ane WR eee i ee Semen meee ~—- =o 23 Seen ere —————-! watyenaa- ane nese ==B8a--- ore peti is annnns 880! Biissessy PeSsTresseeess Tee es hea at hte Tt rgessees weeeseaiil RESRALEehadeebor PEriti rite tt apht Sshesoetas St er Tea -sa=-epesesseanes, riveree tt 6 5 dn ate w Sansesaecacng ere s-+-+ + ED a nn ne enna wane gsaaaennaoneaenseeeeeeee Seqeereeeerrr errr s TTESEEARSTAAASSAGRRRRSSORAC OSS e. FSRBORODOROTORR OTST OR TST NTT TTT ETERS SE Bhanabe Seerrrrerrt ttt eee i ead eee de Leueeenne senee sirriterirttsyrrerrrittrryre rrr est SESHSROSEH SEO TES ST TTETe ees Serirreacrrt - aeeeanese GUALASIARSURAALSEROSRS Roe T i eeeek coon eres er . reettitsetts TrrrtyTt roesesreneeena eee PCTES OSCE PISA tShSe tt Seat bGse Passe. errr +? i werner roe Sublecnscoeden bert rrrensy 4 UF TSTEeRee sa aes LET ea tery os. 32 TEtBSob TRESS RSI SLI LS PTT TEESE R SSS shirirrrrrrrss: WETS ESR Re ae. + T ey + ad is L rs > deans aed eehseeu > -—*2- peeeeeeol ——-—— ""on. oer eee ria? +7 Steeersceresenssans bee abe @ ease we Sores res seas heaaaseade rere res pepe eset lt errr tt ers ESSSARSAAASALOROEOOE SSRRSRASSAASARA GLASS See Seo a TTT TTT TeaaeaaeaA Tt Srna one: TU URGESLASRALIAeS Kehoe eee RTT, sane: Pritts PrittiertS + $62 gees Titre if + 4 aeunanee Tigi - eitsesial pemeeee’ ty aitesses zsenes: one Hiss satus He nt = jase sty wrest ah > sien Beit + >",4280,ok
23991000149,,0,no_image
13609020492,,0,ok
32601025465,,0,no_image
36800132009,,0,no_image
13000570107,,0,no_image
35826090058,,0,no_image
36800422643,"yrs eas alles hm ce, Weel git i eo + t oy | f i ray v Felton y ¥ D sn oi i ae : PR RR ly. MOEN nd ; . eee Tcaiot ws Uae sins iy bs ‘ . s ‘ ae eae a , i yO aA te eye Abe Me re at }inbes Get NF Maa ph i ay 7 ° , "" ae San",218,ok
37842041540,,0,no_image
36800107946,,0,no_image
30684017919,,0,no_image
21908965161,,0,no_image
23923330023,"mH THE BEST FROM Nutrition Fa EEARTH™ 1 servingper container TAikarh’s Best Ofganic: brand, Serving size 1 pouch (119q){ jajetreatcarein everystep ofthe Baby food process to bring you, § THE BEST FROM THE EARTH + Made with wholesome ingredi from our family of certified o farmers + No GMO Ingredients + Noartificia! flavors oreolors - Non-P?» Packaging in ‘of hot water! DOINOT MICROWAVE. AGTER OPENING. Serve: lI 0°"" 23923""330 EDIENTS: ORGANIC APPLE PUREE. ENTRATE, ORGANIC S\",477,ok
21718412787,; taste the Flavor of Nat Herba Natural fine sea salt infused % with organic herbs atid vegetables No MSG Gluten Free A.,120,ok
41268132065,,0,no_image
11150982856,,0,no_image
11110586452,,0,no_image
11150982580,,0,no_image
41000022531,"» Y No Added my # Except those Naturally Mcurriy, Wutg "" a AMakes GESTION { 3.5. 1388 q T eayINGst6 ! ERVINGS HN sopium |] TOTAL",128,ok
37600735803,"UNCURED HARD SALAMI NOT PRESERVED — KEEP REFRIGERATED BELOW 40°F AT ALL TIMES NO NITRATES OR NITRITES ADDED § s, g z 4 c~ RECYCLABLE CARTON **MINIMALLY PROCESSED EXCEPT FOR THOSE NATURALLY OCCURRING: IN CELERY POWDER AND SEA SALT Horney) ® ATURAL CHOICE’ 100% NATURAL | PRESERVATIVES © NITRATES OR NITRITES ADDED! NET WI i 02 (170g) GLUTEN FREE | SLICED | REFRIGERATE AFTER OPENING “NEREDIENTS",393,ok
39978003416,,0,no_image
41483035936,,0,no_image
24182000887,,0,no_image
25317006941,"o> APPLEGATE. organics CHANGING THE MEAT WE EAT™ Nutrition Facts <—tso e tres Serving Size: Sie cS aaa oh “Weal Carhoteydrate:19°0% Servings: About 7 ‘Saturated Fat 5g 25% ammeter O_o Calories 80 Trans Fat 09 Sugars 09 Calories From Fat 69 Cholesterol 25m9 8% Protein 59 ee 2000 eee Vitamin AS + Wiamin CO% + Calcom 10% + trond KEEP REFRIGERATED (BEST WITHIN 10 DAYS OF OPENING) ORES: HIE CEDOM ESE ORG ak CHEESE CLT SAL EXAED, VEGETABLE RENNET, GLUTEN FREE. bet ‘Oyestions? Comments? Call 986-587-5858 or vst werw applegatetarmscam DISTRIBUTED BY APPLEGATE FARIS, BRIDGEWATER, NS 08807 aie ip by Ounce erator psa tres a ben yn bat ik NET WT. 5 02. (1429) =| MT nt oO 25317 00694",679,ok
41318210453,,0,no_image
39400017318,"Nutrition Fac;, spout 3 servings per Containe; serving size V2 Cup (1394) amount Per Serving Calories 120 % Daily Values —— hn ——— Total Fat 0g 0% Choleste fl Omg 0% Sodium 1: mg Total Carbohydrate 229 Total Sugars Less than 1g Includes Og Added Sugars o Protei "" Vi DOmec 0% « — Calcium 80m9 ye ond ane deer 4gomg ‘0 lron 2.4mg 15% e Potas. - _— wna ite % Daily Value (DV) tells you how can ving of food contributes to 2 eon a Alories a day is used for general nutrit",468,ok
39494111947,,0,no_image
13562300693,,0,no_image
41224723108,,0,no_image
32601902902,,0,no_image
16291442726,,0,no_image
15400196222,,0,no_image
11835259457,,0,no_image
22852417034,,0,no_image
13562492886,,0,no_image
41000731488,,0,ok
41449403267,,0,ok
14321621059,,0,no_image
29737007397,,0,no_image
36800043930,,0,no_image
22099055679,,0,no_image
37600255707,,0,no_image
12000616204,,0,no_image
41331049900,2076 ATAA Zz Do ® Ps wo ° MAY Ba (22534125 4,44,ok
22506131057,,0,no_image
31493061452,pee ORGANIC | Fe 6 j NET WEIGHT MUFFINS | 120Z(3406) .,54,ok
38584,,0,no_image
27958211012,,0,no_image
32601951139,,0,no_image
32601902872,,0,no_image
41415107083,,0,ok
20526012196,,0,no_image
32251225710,,0,no_image
38794994403,,0,no_image
2983542515,,0,ok
41497096237,,0,no_image
11535505663,,0,no_image
20662005854,,0,no_image
16571952105,,0,ok
25583004115,AnT BASED SHOE,14,ok
36800405479,,0,no_image
13764027084,,0,no_image
11150950374,,0,no_image
12000012792,,0,ok
23923400542,,0,no_image
11110786715,mrwr46oz| @1B140Z)1.3kg,23,ok
30223006329,,0,no_image
25317005890,"ISIC EIN & BREAKIA ST! SAIS AGE PATTIES APPLEGATE NATURALS® i KEEP FROZEN * SERVING SUGGESTION FULLY COOKED » READY TO: HEAT + MICROWAVABLE GULLY COOKED & BROWNED PATTIE NET WT 702 158g} nN el eel Le] rr 4 1 Gluten-Freet “MINIMALLY PROCESSED, NO ARTIFICIAL INGREDIENTS. **CHICKEN NEVER ADMINISTERED ANTIBIOTICS OR ANIMAL BY-PRODUCTS. ***EXCEPT THOSE NATURALLY OCCURRING IN PARSLEY. SCHICKEN RAISED ON VEGETARIAN FEED, ON FAMILY FARMS, WITH AT LEAST 24% MORE SPACE THAN INDUSTRY STANDARD AND ENVIRONMENTAL ENRICHMENTS TO PROMOTE NATURAL BEHAVIORS AND WELL-BEING. DEPARTMENT OF ""AGRICUTURE P-26;",593,ok
36800164499,,0,no_image
11111119031,,0,no_image
34700012193,,0,ok
21908450131,,0,no_image
11150982610,,0,no_image
375313,,0,no_image
25400058970,,0,no_image
24126013249,,0,ok
41303014165,,0,no_image
31200039439,,0,no_image
22506421370,"| 25 servings per container Serving size 1 Thsp (15m) ; es Aunt per sev Calories 120 % Value Total Fat 14g Saturated Fat 2.59 12% Polyunsaturated Fat 2g Monounsaturated Fat 10g Cholesterol Omg 0% Sodium Omg 0% Total Carhohydrate 0g 0% Protein 0g ee Nota significant source of trans fat, dietary fier, total sugars, added sugars, vitamin 0, calcium, iron and potassium, INGREDIENTS: FIRST COLD PRESSED EXTRA te ORGANIC OLIVE OIL. led in a facility that produces peanut oil. Nutrition Facts’ < PEEL HERE FO!",505,ok
41220021857,,0,no_image
32601900526,,0,no_image
23923206571,,0,no_image
22506002487,Organic DISTILLED WHITE Vinegar,31,ok
39631000417,,0,ok
24182111514,,0,no_image
13764027602,,0,no_image
21908407739,y CTD OFS OH,12,ok
32601902674,,0,no_image
15532100968,STONEWALL KITCHEN ORGANIC | ExtraVirain | Talian Olive O' ESTATE GROWN ‘| 34684,79,ok
23923100442,,0,ok
41000022661,Be SN wy Sh Sa ss ~ ORS,23,ok
12000024542,,0,no_image
35826087522,,0,no_image
24182002225,,0,ok
20662005809,,0,no_image
25293600737,4 os . CDAtRY-FREE Plants =~Powerecd SLT EN Tees fines corer CARRAGEENAN-FREE — i ver serving VANILLA akon ices '250 mb . ( Cup) of ey me. Silk Vanilla soy ie dy beverage provides 30% of the daily amount of soy & protein shown to help reduce cholesterol with Calcium shhh amin D Se can,285,ok
22014640201,,0,no_image
25400564037,,0,no_image
15400118156,,0,no_image
36800422841,,0,no_image
21908455518,"INGREDIENTS: Whole Grain Wheat*, Wheat Bran’, Raisins*, Sugar’, Oat Fiber’, Sea Salt, Malted Barley Extract*. Vitamin E (mixed tocopherols) Added to Preserve Freshness. *Organic pet ik: 6. eee T -— = - w",203,ok
32601902810,,0,no_image
11110612380,,0,no_image
11213384306,,0,no_image
23923900028,Nutrition Facts Serving Size 4 Tbsp (14g) Servings Per Container 16 Amount Per Serving Calories 50 Total Fat 0.5g Trans Fat 0 Sodium Om Koy Ko} Total Carbohydrate 11g Dietary Fiber 1g Sugars 3g Protein 2 % Daily Value Protein 9% © Vitamin A 0% Vitamin C 0% © Calcium 15% Iron 45% » Vitamin E 25% Thiamin 25% » Riboflavin 25% Niacin. 25% * Vitamin B6 25% Folate 25% » Vitamin B12. 25% 25% .,389,ok
16291442368,,0,no_image
16291442566,,0,no_image
24000551171,,0,no_image
41190459520,,0,no_image
11150982924,,0,no_image
37014000245,,0,no_image
34538857652,,0,no_image
15400108065,,0,no_image
41000072383,,0,no_image
41000022982,Y No Artificial Flavors «= vY NoColors From Artificial Sources Y No Added MSG xcept those naturally occurring glutamates,120,ok
11150110518,,0,no_image
11213515236,,0,no_image
41220974917,,0,no_image
36800426528,,0,no_image
11150982719,,0,no_image
25317005500,; ORGANIC PLE G ATE ORGANICS . ae KEEP FROZEN - SERVING SUGGESTION FULLY COOKED - READY TO HEAT - MICROWAVABLE NET WT. 802. (227q),130,ok
39047001060,,0,no_image
409780,,0,ok
13562001262,"Organic Bernie’s Farm"" FRUIT SNACKS +h Other Natural Flavors Flavored wit! VY Made with Real Fruit and Vegetable Juices v No High-Fructose Cort",143,ok
176828,,0,ok
41387005011,"reen tea, oney & natural lemon flavor with other natural flavors j O calories * sugar free liquid water enhancer 1.62 1 07 43 My)",129,ok
11213024790,,0,no_image
11110868701,,0,no_image
34500641296,,0,no_image
41220906710,Ae w0d HDIW uo = 9 “2d soded 10 “ld “JAVMOYSIA UW? INoge aye I AQuanbesy usn Hi | “UI 4009 *Auy NY NI ONINOOD -G GY4 aWloy 1 pin Hagia UE Poppe ld Ajfeivie ‘S4UBINWI4S H4IN pasié- SI UOPES BY: OF AGRICULTURE AND PASSED EPARTMENT 0,230,ok
41116101106,,0,no_image
16571910372,SPARKLING PINK GRAPEFRUIT URALLY FL DG H ANTIOXIDANTS - AND VITAMINS | © ZERO SUGAR TFL OZ (502.8 ml),101,ok
13971000214,t | ti APPLE CHIPS Simply Cinnapion a — NET WI.2.2.02.(63¢,58,ok
20601407732,,0,no_image
41000054136,,0,no_image
41000119217,,0,ok
41268166756,,0,no_image
15400191586,,0,no_image
13764027169,,0,no_image
41000346491,,0,no_image
22506002401,Organte Mayonnalsé MADE WITH CAGE FREE EGGS,43,ok
36800049802,,0,no_image
20601407763,,0,no_image
11150982443,,0,no_image
23923200135,,0,ok
24000507857,RED GRAPEFRUIT in extra light syrup i,37,ok
41420212949,werwrs2026 1p4cn) ag,20,ok
35826541437,FOODAALION Sharp Cheddar Cheese oveceverer?® NET WT 24.02 Cen. ae,65,ok
41497096282,Pi PREMIUM CALCIUM & VITAMIN D NO PULP ORANGE ~JUICEY NOT FROM CONCENTRATE oS a) on. +6A)378 OO,95,ok
41268141753,,0,no_image
11384016365,,0,no_image
41271004977,,0,no_image
30034096229,,0,no_image
38119,,0,no_image
15400196369,,0,no_image
32601900458,,0,no_image
36800137134,,0,no_image
11110854131,,0,no_image
37600455305,,0,no_image
28744600041,,0,no_image
41220987269,,0,no_image
36800383142,,0,ok
41250884767,,0,no_image
26395783168,,0,no_image
19646005430,,0,no_image
11110913425,"ey ae ; ‘| 4 4 1] ! FIPISHABLE - KEEP REFRIGERATED ° PASTEURIZED | 9 2 # y 4 é % DV A I % i"" 1, \ eon Amount/serving 0 mount/serving % DY } 4 y,¥ jjFacis Total Fat 4.59 6% Total Carb. 3g i 4 Y Hy, eT Cc c c / ""| 2 j \ 4 44 f bout 4. servings Sat. Fat 0.59 3% Fiber ig ake bay “container Trans Fat 0g ae | rvi 1A Wt ve rving a Cholesterol 0m sae nae | (299/about 1 /S piece) — ""A ort t| ialories yb \y Fer serving Yalcium 10% otassium 2° A GEN 3 a y ry eneate ES AAEL RGU STEEN STON? CUES MA SEO woos D BY THe KROGER CINCINNATI, UNUSED PORTIONS: ADD WATER AND STORE COVERED REFRIGERATOR. CHANGE WATER DAILY AND USE WITHIN S DAYS, (SIMPLE TRUTH ORGANIC PRODUCTS ARE FORMULATED WITHOUT ATRNMRLY MODIFIED ORGAMISHS (GOS). THE USDA'S carers PROGRAM DOES NOT PERMIT THE USE OF MADE WITH GMOS IM CERTIFIED ORGAMIC PRODUCTS. S2eem- =a — ! mT] eseeeeveee??.",848,ok
12511891671,"‘uy ‘SiauajaaMs BUOsa/OyM LLOZO Wi m}0g a9e|g ""saZ\ye}SAU9 ABUOY |IY ‘Wah | Japun SJURJUI 0} Paes JOU Og EuOReLUaU] BduBINSSY AyeEND M09 ""JwamgaurosajouM, JISIA THU ‘auou Bunees ven or & ~ Walp sue 0og'z arphoee Ci B UO paseg ave Sanye, Alte” wanlad, 7 oy poe wmge| > umeyy yey, Yagi Areyalg ‘osaysajouy) ‘Jey sued] yey PAyRNeS Jo a0unos WweoU.UBs BON 60 uj9}0ld 621 suebns %9 GL) ""eg reyOL 49 Guo wmypos %0 60 ye4 IPO ro 09 S8HOje) Buys 20g yunowy a payieo Jayso} von’ ° rs | ua3n)| Ta a panasal S}yBU jy ‘Ayanbi} 0} J}2M WUEM OOIXa\\ ‘IZB4G J0 yONPOdd 0S0-940-SN ‘Aq aquefiig payyues 9681-089 (008) B/PLL XL ‘pueyseBng | ZZ JOUIRIUO4) Jeg SDULMES 7 pp awosajoum Aq 7siq | (6,2) dsqy |. 8Z1$ Bulag 44 AQ Payne apedj ste, “INCH SINVOHO ‘SUNSICAWONI Spe UOnLyNN snowjep 404 : “O310Ys aWOSa]OYM an Naind e nok aaib oj sonoiqnue pue sapions? ‘eKauoy jeaol au MiWeY Woy 9244 sno daan am",882,ok
16741431119,ETEARTH IGHTENED FOODS” ne serving cooked pa contains 59 fat vs 4.5g fatin one serving sf Sweet Earth Benevolent Bacon. One ‘gering of cooked pork bacon contains ‘20mg Socium vs. 100mg Sodium in one 4 ‘serving Sweet Earth Benevolent Baco * USDA FoodData Central,261,ok
21130048922,,0,no_image
17869777257,,0,no_image
36800332553,,0,no_image
41268166718,,0,no_image
24182000702,Juice O r ganic at,18,ok
